{
  "roomCount": 1,
  "stay": {
    "id": 0,
    "resrvStatus": 1,
    "resrvType": 1,
    "arrivalDate": "2021-07-10T00:00",
    "departureDate": "2021-07-11T19:00",
    "arrivalTime": "12:00 AM",
    "departureTime": "7:00 PM",
    "primaryGuestId": "54e8cf53-fdcc-4a46-a1e8-314d621b4512",
    "IsBookingRestrictionPasscodeValidated": false,
    "locationIds": "",
    "featureIds": "",
    "linkedRetailItemData": "[]",
    "linkedRetailItemsDataId": 0,
    "housekeepingPatternId": 0,
    "stayGuestInfo": {
      "id": 0,
      "stayId": 0,
      "guestCurrentLocation": "",
      "vipCodeId": 0,
      "patronRank": "",
      "preference": "",
      "stayGuestPreference": "[]",
      "guestComments": "",
      "isUpdateGuestComments": false
    },
    "stayOtherInfo": {
      "id": 0,
      "stayId": 0,
      "transportation": "",
      "carRegistration": "",
      "linkId": "",
      "notifyOfVIP": false,
      "notifyGuest": false,
      "notifyStaff": false,
      "arrivalTime": 0,
      "reservedBy": ""
    },
    "stayRequestInfo": {
      "id": 0,
      "stayId": 0,
      "isLateCheckOut": false,
      "lateCheckOutTime": 0,
      "isSupressRateOnRegCard": false,
      "isServiceTurnedDown": false,
      "isDnd": false,
      "allowListingInGroupDirectory": false,
      "isExpressCheckOut": false,
      "emailTemplateId": 0,
      "smsTemplateId": 0,
      "emailTemplate": "",
      "smsTemplate": "",
      "sendConfirmation": false,
      "confirmationRequestedOn": "2021-7-10",
      "confirmationSentOn": null,
      "houseKeepingPeriod": 0,
      "isSmokingRoom": false,
      "isNonRegisteredGuest": false,
      "isSoftPickup": false
    },
    "stayMarketingInfos": [
      {
        "id": 0,
        "stayId": 0,
        "stayDate": "2021-7-10",
        "marketingSegmentId": 0,
        "guestTypeId": "3",
        "originCode": "10",
        "segment1Id": "8",
        "segment2Id": "6"
      }
    ],
    "stayPaymentInfo": {
      "id": 0,
      "stayId": 0,
      "paymentType": 46,
      "creditLimit": 10000,
      "chargeAccountNumber": "",
      "arAccountNumber": "",
      "arTransferFrequency": 0,
      "referralAccountNumber": "",
      "specialGuaranteeId": "0",
      "cardType": 0,
      "stayDepositPayments": [],
      "isFolioBalanceAvailable": false
    },
    "stayCustomInfos": [],
    "stayRestrictionInfo": {
      "id": 0,
      "stayId": 0,
      "callRestriction": 1,
      "movieRestriction": 1,
      "gamesRestriction": 1,
      "billingRestriction": 1,
      "posInterface": 1,
      "restrictPostingOnCheckout": 1
    },
    "stayDetailInfos": [
      {
        "id": 0,
        "stayId": 0,
        "stayDate": "2021-7-10",
        "accountId": 0,
        "bookingId": 0,
        "tourOperatorNumber": "",
        "isPayTourOperatorCommision": false,
        "travelAgentNumber": "",
        "isPayTravelAgentCommision": false,
        "casinoOffer": null,
        "validationNumber": null,
        "transactionId": null,
        "isVoided": false,
        "isOfferRemoval": true,
        "isGroupDefault": false
      }
    ],
    "stayDepositInfos": [],
    "stayPetInfo": [],
    "stayPetChargesInfo": [],
    "stayPackageComponentDetails": [],
    "petComment": "",
    "isPetAvailable": false,
    "stayGuestOccupancyInfos": null,
    "stayTaxExemptInfos": [],
    "isGuaranteed": true,
    "isSharedStay": false,
    "isWalkIn": false,
    "splInstruction": "",
    "checkInTime": null,
    "checkInBy": null,
    "checkOutTime": null,
    "checkOutBy": null,
    "MessageId": "EIRKKS1B3M6"
  },
  "stayRoomInfos": [
    [
      {
        "id": 0,
        "stayId": 0,
        "roomExtn": 0,
        "stayDate": "2021-07-10T00:00:00",
        "roomType": 7,
        "roomNumber": "LM30",
        "tariffId": 7,
        "soldRate": 100,
        "stayRoomOccupancyInfos": [
          {
            "id": 0,
            "stayRoomInfoId": 0,
            "ageCategoryId": 5,
            "guestCount": 1
          }
        ],
        "stayTaxExemptCategoryInfos": [],
        "dNMReason": "",
        "isDoNotMove": false,
        "resortFee": 0
      }
    ]
  ],
  "denyLostReservation": { "IsReservationCreated": false }
}